[{
        "pic": "https://img10.360buyimg.com/cms/s80x80_jfs/t20599/5/1848245261/259599/458bc9b5/5b39951dNfa084179.jpg",
        "title": "郎酒123",
        "desc": "颜色：红色",
        "price": 18000,
        "count": 1,
        "isSelect": true
    },
    {
        "pic": "https://img10.360buyimg.com/cms/s80x80_jfs/t20599/5/1848245261/259599/458bc9b5/5b39951dNfa084179.jpg",
        "title": "郎酒123",
        "desc": "颜色：红色",
        "price": 18000,
        "count": 1,
        "isSelect": true
    },
    {
        "pic": "https://img10.360buyimg.com/cms/s80x80_jfs/t20599/5/1848245261/259599/458bc9b5/5b39951dNfa084179.jpg",
        "title": "郎酒123",
        "desc": "颜色：红色",
        "price": 18000,
        "count": 1,
        "isSelect": true
    }
]