[
    {
        "text":"哈哈哈",
        "src":"https://k.sinaimg.cn/n/sinanews/transform/310/w710h400/20190425/DJdB-hvvuiyn9906223.jpg/w710h400z1l50t147c.jpg?by=comos",
        "href":"##"
    },
    {
        "text":"哈哈哈",
        "src":"https://k.sinaimg.cn/n/sinanews/transform/20170630/BFr0-fyhskrp9122702.png/w710h400z1l50t1f69.jpg?by=comos",
        "href":"##"
    },
    {
        "text":"哈哈哈",
        "src":"https://k.sinaimg.cn/n/news/transform/310/w710h400/20190504/q5K3-hwfpcxn8626560.jpg/w710h400z1l50t108a.jpg?by=comos",
        "href":"##"
    },
    {
        "text":"哈哈哈",
        "src":"https://k.sinaimg.cn/n/news/transform/310/w710h400/20190504/d5fr-hwfpcxn8632607.jpg/w710h400z1l50t1195.jpg?by=comos",
        "href":"##"
    },
    {
        "text":"哈哈哈",
        "src":"https://k.sinaimg.cn/n/sports/transform/310/w710h400/20190503/bwNG-hwfpcxn8184975.jpg/w710h400z1l50t18a2.jpg?by=comos",
        "href":"##"
    }
]